policy,avg_ppl,ppl_wikitext,ppl_pg19,kept_fraction_ppl,tpot_s,ttft_s,throughput_tok_s,kept_fraction_prompt,flops_ratio_vs_dense,avg_ppl_rank,tpot_s_rank,flops_ratio_vs_dense_rank,balanced_rank,pareto_frontier
hybrid_expected_observed,26.329371,20.050641,32.608101,0.5,0.005736,0.005862,174.205,0.5,0.51561,2.0,1.0,1.0,1.3333333333333333,True
expected,21.967495,11.08086,32.85413,0.5,0.006218,0.006772,160.385,0.5,0.51561,1.0,6.0,1.0,2.6666666666666665,True
hybrid_soft_pyramid,26.9735835,21.188587,32.75858,0.5,0.005824,0.00599,171.556,0.5,0.51561,3.0,2.0,1.0,2.0,False
tova,34.5371185,36.320274,32.753963,0.5,0.005856,0.00661,170.068,0.5,0.51561,6.0,3.0,1.0,3.3333333333333335,False
snapkv,32.856058000000004,33.121884,32.590232,0.5,0.00596,0.005876,167.87,0.5,0.51561,5.0,5.0,1.0,3.6666666666666665,False
observed,30.9216035,29.794882,32.048325,0.5,0.006599,0.006913,151.305,0.5,0.51561,4.0,7.0,1.0,4.0,False
streaming,45.175357500000004,57.028267,33.322448,0.5,0.005958,0.006152,167.681,0.5,0.51561,7.0,4.0,1.0,4.0,False
